{
	"class_name" : "PinholeCameraParameters",
	"extrinsic" : 
	[
		0.99765140279088738,
		-0.068232116617417057,
		0.0060047290764950936,
		0.0,
		-0.032276107869929856,
		-0.39097334506926384,
		0.91983590727157372,
		0.0,
		-0.060414661880569674,
		-0.91786939251031663,
		-0.3922573733183341,
		0.0,
		-0.00061402157121425317,
		-0.015632027768955004,
		0.29401813080538314,
		1.0
	],
	"intrinsic" : 
	{
		"height" : 948,
		"intrinsic_matrix" : 
		[
			820.99208278764786,
			0.0,
			0.0,
			0.0,
			820.99208278764786,
			0.0,
			959.5,
			473.5,
			1.0
		],
		"width" : 1920
	},
	"version_major" : 1,
	"version_minor" : 0
}