path_found,traj_success,contact_free,door_opened,door_width,door_height,x,y,z,rot_z,state_angle,axis_pos
False,False,True,False,0.3184996646689734,0.6854406294039961,-0.22462121216488284,0.5920569423231694,0.35172031470199805,22.085631277406094,-9.797476753437662,-1.0
False,False,True,False,0.3014355816880533,0.2629862502110655,-0.6623089062046804,0.5049692855773832,0.14049312510553275,71.21867652061562,-10.340450895285608,-1.0
False,False,True,False,0.23035266590755016,0.21919262734196981,-0.521316675488864,0.1928190137732846,0.1185963136709849,-155.02544362892868,-13.428771776777232,-1.0
True,True,True,True,0.36806709406260774,0.5312532941440824,0.18206392215508072,0.7262908139140065,0.2746266470720412,59.61634790045028,-8.498782514215646,-1.0
True,True,True,True,0.3327847281399988,0.3250821926498839,-0.5570875289789168,0.4448530094197968,0.17154109632494197,161.74821392195219,-9.38455624773574,-1.0
False,False,True,False,0.2598652512235518,0.26303403125612684,-0.5903674786859722,0.10277603105570582,0.14051701562806343,-101.30136055861495,-11.950192625438023,-1.0
