path_found,traj_success,contact_free,door_opened,door_width,door_height,x,y,z,rot_z,state_angle,axis_pos
False,False,True,False,0.3184996646689734,0.6854406294039961,-0.22462121216488284,0.5920569423231694,0.35172031470199805,22.085631277406094,-9.797476753437662,-1.0
