Waypoint,j0,j1,j2,j3,j4,j5
0,0,-1.5708,0,-1.5708,0,0
1,0.417593,-0.474361,0.927552,-3.59488,-0.136528,0.785492
2,0.421439,-0.46242,0.903016,-3.58211,-0.131896,0.785314
