Waypoint,j0,j1,j2,j3,j4,j5
0,0.700221,-1.23082,1.57944,-0.348781,0.998443,-2.35554
1,0.699898,-1.23149,1.58049,-0.349665,0.997443,-2.35571
