Waypoint,j0,j1,j2,j3,j4,j5
0,0,-1.5708,0,-1.5708,0,0
1,0.622878,-0.951017,1.30287,-3.49347,-0.486024,0.785418
2,0.624409,-0.942676,1.28872,-3.48578,-0.480633,0.784229
