{
	"class_name" : "PinholeCameraParameters",
	"extrinsic" : 
	[
		0.39432549841653669,
		-0.87128199453546484,
		0.292190156057408,
		0.0,
		-0.70928483230701855,
		-0.086390455868869925,
		0.69960825880915212,
		0.0,
		-0.58431363834652605,
		-0.48311942119218448,
		-0.65205306295513554,
		0.0,
		-8.7301300357445211e-06,
		1.9289660802196407e-05,
		0.30386451908283707,
		1.0
	],
	"intrinsic" : 
	{
		"height" : 975,
		"intrinsic_matrix" : 
		[
			844.37476868982776,
			0.0,
			0.0,
			0.0,
			844.37476868982776,
			0.0,
			959.5,
			487.0,
			1.0
		],
		"width" : 1920
	},
	"version_major" : 1,
	"version_minor" : 0
}