{"position": {"x": -0.27509663456991845, "y": 0.44499090758903576, "z": 0.2997859378523259}, "orientation": {"x": 0.9867827088835371, "y": 0.09089802896531218, "z": -0.03860657325100351, "w": 0.12847943913523502}}