{"position": {"x": -0.02018052959739564, "y": 0.404939247023036, "z": 0.3031147724435589}, "orientation": {"x": 0.9859409808190985, "y": -0.13744338888775134, "z": 0.056708793516204045, "w": 0.076248343788314}}