{"position": {"x": 0.3018057343123086, "y": 0.7659868839688905, "z": 0.26180721476478697}, "orientation": {"x": -0.8842171294718135, "y": 0.3525689570012738, "z": 0.06805482605709515, "w": 0.2987034301075212}}