{"position": {"x": -0.13048558614654535, "y": 0.8035483568450994, "z": 0.23278908986114072}, "orientation": {"x": -0.9102685056026231, "y": 0.18218568078301253, "z": 0.29279456152546146, "w": 0.22910907918873583}}