{"position": {"x": 0.31708645948018166, "y": 0.39500724042640045, "z": 0.3067118705741517}, "orientation": {"x": 0.8864251483909129, "y": -0.4550343337959143, "z": 0.02402612204434734, "w": 0.0813446791533812}}