{"position": {"x": 0.015670163102207847, "y": 0.6596579764591548, "z": 0.312235941823175}, "orientation": {"x": 0.981178381237737, "y": -0.19275865783025797, "z": 0.007502589995479597, "w": 0.008763285144921336}}