{"position": {"x": 0.31003562601804296, "y": 0.633705936617431, "z": 0.31406830913972256}, "orientation": {"x": -0.9157094548507669, "y": 0.40131718395126403, "z": -0.006118553020669969, "w": 0.019577422487951423}}