{"position": {"x": -0.22932543827487087, "y": 0.6391764395371654, "z": 0.30769493175816015}, "orientation": {"x": -0.9955081183979865, "y": 0.01479879959120654, "z": 0.08410717064272985, "w": 0.04087255290331925}}