{"position": {"x": 0.05639291671282278, "y": 0.7988185251620749, "z": 0.27317220633984696}, "orientation": {"x": -0.8438158638906164, "y": 0.4657855613758493, "z": 0.16623419967742206, "w": 0.20829015703562342}}