{
	"class_name" : "PinholeCameraParameters",
	"extrinsic" : 
	[
		1.0,
		-0.0,
		-0.0,
		0.0,
		0.0,
		-1.0,
		-0.0,
		0.0,
		0.0,
		-0.0,
		-1.0,
		0.0,
		-4.263894361108072,
		-3.5599898109809018,
		311.88260406054872,
		1.0
	],
	"intrinsic" : 
	{
		"height" : 987,
		"intrinsic_matrix" : 
		[
			854.76707353524102,
			0.0,
			0.0,
			0.0,
			854.76707353524102,
			0.0,
			959.5,
			493.0,
			1.0
		],
		"width" : 1920
	},
	"version_major" : 1,
	"version_minor" : 0
}